id;libelle;reference;numeroordre;typeproduit;familleproduit;produitadditionnel;obligatoirepourentreprise;effectifmax;chartegraphique;alertetarificationexterne;questionnairerecexige;libellemodule;nomchampbadh;typequestionnairerec;moduledefinition_id
1;Tactics;scale interactive generating;35675;mission-critical Faroe Islands Plastic;Car Industrial deliverables;false;false;29348;Jewelery;monitor;true;quantify Unbranded Plastic Tuna Frozen;generating Highway E;moratorium moratorium;8
2;withdrawal COM;embrace Developer;84891;hard drive Robust Networked;Poland;false;false;2541;Intelligent Out;Harbor Montana;true;Concrete Investment Account Saint Lucia;User-centric;Money Market Account;7
3;JSON;virtual deposit;87146;digital maroon;EXE projection Fresh;false;false;90682;contextually-ba;synergies copying;true;Games;Iraq Bedfordshire;Concrete 24/7 Directives;4
4;Mauritania;facilitate Tasty Concrete Chips Exclusive;69630;card Plastic;Computers Personal Loan Account Berkshire;false;false;27864;Investor Public;Lebanon;false;Dominican Republic Credit Card Account Handmade;Ergonomic transmitte;Point Orchestrator;4
5;bypassing optical;installation;18651;Refined Rubber Gloves Algerian Dinar Clothing;open-source turn-key;false;false;94052;disintermediate;bricks-and-clicks Concrete Global;true;Enhanced deposit parsing;Borders content-base;Tasty Customer Human;7
6;B2B;Saint Helena Pound programming;85632;drive THX bypassing;Cheese Dynamic Home Loan Account;false;false;10147;invoice Home Gl;Buckinghamshire Ports;true;Fish;Networked;Fish;4
7;program alarm;Nevada;9367;turn-key dedicated;Wisconsin;true;false;48674;Investor users ;North Dakota Cambridgeshire;false;sensor;Alaska;deposit Chips Applications;10
8;Human;back up Factors;33075;Venezuela Wisconsin;SDD disintermediate reinvent;true;false;31692;Pants Maryland;calculating Intranet Ergonomic Concrete Soap;true;intuitive Open-architected system-worthy;program;Metal array France;3
9;schemas Synergistic Personal Loan Account;Avon;50151;digital deposit;extend Unbranded Fresh Pants Tools;true;false;43847;Argentine Peso ;Wallis and Futuna;false;Utah Computers Small Fresh Gloves;Brunei Darussalam in;compress lavender Investment Account;1
10;Intelligent Granite Shirt Peru deposit;Frozen Analyst card;4106;morph content bypass;Electronics;true;false;83598;Saudi Riyal par;Corporate;false;Optimized;microchip;Response invoice;6
